-1,-0.3866,1.2297,-0.40341,1.1295,-1.3896,-1.8967,0.69433,-0.37962,-0.77192,-1.5136
1,0.04698,-0.54693,1.3482,-0.60444,0.67052,0.24379,0.66564,1.028,0.44001,0.10168
-1,0.29713,-1.7493,-0.83135,-1.9394,-0.12943,-1.18,0.93557,-0.99217,0.91269,-0.074399
1,1.3254,-0.32463,0.80433,-0.022888,-0.87456,0.79412,0.7692,2.0889,0.23423,-0.59788
-1,-0.70287,-1.4358,-0.20407,0.81354,-0.83149,-0.62688,-1.7194,0.48583,-0.19777,-0.93888
1,1.4294,1.0346,-0.045618,0.72998,0.304,-0.45626,0.11491,0.89887,-0.80407,2.7171
-1,-0.60074,-0.071279,1.327,-0.30746,-0.75839,-0.55212,0.37658,-0.36678,-0.61954,0.18051
1,-0.045363,-0.20816,1.5122,-0.11621,2.6241,0.56892,0.49785,-0.79026,-0.21373,0.3851
-1,0.81933,-2.0909,-0.65927,-2.061,-0.71502,-0.73767,0.16289,0.34995,0.041701,-0.068984
1,-0.21613,0.068605,-0.36991,0.41099,1.1039,0.65133,0.40834,1.4871,1.9982,-1.186
-1,0.53142,1.0891,-2.3335,-0.14522,-1.299,0.023104,-0.10098,0.13409,-1.3779,-0.48546
1,0.62211,0.64738,0.13887,1.0898,-1.3553,0.45629,1.5458,0.1168,0.30368,0.30534
-1,-0.72354,-0.84789,1.0076,0.43301,-2.1393,0.10493,-0.48857,-0.16096,-1.8031,-0.41676
1,-0.27522,-0.8502,0.19038,1.2495,-0.067771,0.37514,0.38342,0.69703,0.38979,-0.99188
-1,0.007427,0.3055,0.072636,-1.1331,0.093018,0.26065,0.40734,0.19926,-0.12881,-1.6637
1,0.67848,1.8477,0.80087,0.79998,-0.24081,0.054007,0.36436,-0.11562,0.42348,0.42824
-1,1.333,1.2112,-0.69761,1.8441,0.052739,-0.36631,0.57747,-1.8245,0.47382,-0.62856
1,1.4234,1.7588,1.1306,-1.0556,0.4835,1.6045,0.09475,-0.37621,-0.29267,0.089925
-1,-1.2342,-0.44552,-0.78917,-0.86867,0.060097,2.0824,-1.4528,-1.241,1.2655,0.49042
1,-0.95495,-0.38504,-1.6829,-0.19658,-0.97573,0.92149,0.63889,-1.1952,0.14797,-0.10186
-1,-0.36825,-1.4933,-0.23565,-1.5299,-1.4299,-1.9152,-0.64278,-1.3231,-0.85499,-0.037351
1,1.4248,0.090405,0.59441,-0.0022282,0.42005,-0.08246,1.2826,-0.32498,0.53921,0.37965
-1,0.053437,-0.36721,-0.15827,-0.31404,0.925,0.17774,-0.16319,-0.75548,1.7054,0.55454
1,0.36617,1.4143,1.3637,-0.39094,0.42898,0.18097,0.70106,2.8936,0.33423,-0.654
-1,0.86594,-1.2061,-0.46242,0.46527,-1.2045,1.2213,0.55767,-0.27399,-0.32709,-1.1665
1,-1.6423,0.80757,-0.24962,0.86313,1.3419,0.044205,0.5562,1.441,0.70903,-0.66017
-1,-0.35191,-2.2975,-0.80586,0.2091,-1.7815,-0.64393,-1.2766,0.32453,-1.7565,-0.48636
1,-0.059762,0.15849,0.36498,1.1062,1.1024,-0.49334,0.82576,-0.22407,1.37,1.789
-1,1.2382,-0.43018,-1.6973,-0.63815,-0.17864,-2.1606,0.29288,-1.1241,-0.76793,0.26622
1,2.6342,0.016021,-0.26778,0.69916,-1.4425,0.25818,0.062659,2.3064,0.94658,0.60202
-1,-1.4239,0.67603,-1.53,-1.5033,0.051995,0.027949,-0.86327,-0.40179,-1.0777,-0.17892
1,0.2204,0.20334,1.2449,1.5775,-0.62509,-0.30596,0.19527,1.4415,0.71231,0.6577
-1,-0.072718,1.2692,0.89152,-0.49304,-0.51465,0.55332,0.23253,-2.0705,0.94857,-0.044078
1,2.3651,0.09053,0.099827,-0.15006,1.8106,0.43603,-0.7681,-0.51141,0.97014,-0.40434
-1,0.66926,-1.5263,-1.6538,2.6656,-2.2158,-0.14635,0.52855,-0.037556,-1.8684,1.5579
1,-2.217,1.1419,-0.24606,0.59027,-1.6371,-0.051021,1.3117,0.81223,0.25371,-1.6521
-1,1.0474,-0.67113,1.0643,-0.44361,-0.74255,0.78187,1.7001,-0.87014,-2.7803,-0.524
1,-0.5294,0.61098,1.5764,1.5157,1.0466,0.88101,0.38765,0.016606,-0.35728,0.53333
-1,-0.039953,-0.52842,-0.26509,0.46443,-0.97888,-2.0116,1.3,1.2837,0.0069905,-1.678
1,0.98357,0.38127,0.2735,1.4432,1.604,0.33228,0.73972,-0.25318,0.14145,0.61983
-1,0.14649,-0.049024,0.30008,-1.6192,1.0624,0.57998,0.28847,0.5175,-0.89886,-2.2045
1,-0.067386,-0.034168,2.1918,0.10903,0.22792,0.46669,0.01966,1.8794,1.4785,1.9174
-1,0.86679,0.46691,0.14302,-0.14621,-0.42143,-0.45627,-1.943,-0.87676,-0.43949,0.70617
1,-0.393,-0.62435,0.70958,0.36647,0.35463,0.9949,1.3163,0.0062119,-0.06221,1.1481
-1,0.81527,-0.0624,0.38582,-0.90951,-1.0237,0.373,-0.79671,0.27353,-1.0667,-0.50481
1,-1.5116,0.89563,0.0098749,0.055369,2.1824,0.26583,0.85353,0.14259,-0.033707,-0.82818
-1,0.97313,-1.5624,-1.1605,-2.3091,1.1225,-2.595,-0.96738,-0.4618,-0.97313,-0.38504
1,0.64413,-0.24109,-0.27341,0.88033,2.2302,0.3657,0.42982,0.90384,0.25105,0.87344
-1,0.22901,0.8244,1.0588,1.3776,0.4041,-1.3653,-1.4625,-1.2421,0.4778,-0.21436
1,-0.37259,-0.45439,0.8964,0.03825,0.99185,0.43015,-0.07422,0.47688,0.82188,0.12408
-1,-0.52687,0.029419,-0.6758,-1.9714,0.49009,2.3171,-0.58181,0.75857,-1.8519,-0.48713
1,-1.202,0.83203,0.094547,0.32457,-0.19849,-0.60897,-0.28174,0.20454,1.3121,0.33992
-1,0.095871,-1.7611,-0.22446,-0.18998,-0.93563,0.23833,-0.66513,-0.84035,-1.3388,0.69561
1,-0.23869,0.92923,0.59763,0.49453,1.2518,-0.50275,-0.14067,0.18619,-0.0070818,1.2102
-1,0.81307,-1.439,-0.7124,-0.39387,-1.0294,2.0613,-2.46,-1.9012,-1.8776,0.11809
1,0.5303,1.2261,0.46402,0.9007,0.37608,0.69089,-0.93737,-0.14001,0.48561,0.14579
-1,-1.0366,-2.0241,0.61213,-1.1734,-0.087726,-2.8968,-2.8522,-0.62338,-1.5037,-1.546
1,1.8349,-0.17501,1.9011,-0.22537,-0.69871,0.23415,-0.39393,-0.95771,0.15938,1.0684
-1,-0.18874,0.61303,-1.5408,-1.8352,-2.1492,0.52726,-0.17808,-0.64739,-1.3464,0.57634
1,1.3503,0.26185,0.34204,-0.45953,2.1259,0.71115,-0.052095,1.4352,-0.39833,0.77803
-1,-0.22559,1.177,-0.18767,-1.054,0.020488,-0.63287,1.5428,1.6976,0.17604,-0.13966
1,-0.32795,-0.70756,0.37925,0.75204,0.91259,0.12128,-0.45159,0.47396,-0.046419,2.5439
-1,-1.3947,-1.9681,-3.0905,1.0729,-1.3518,-0.80275,-0.75111,-0.19588,0.30878,-0.062607
1,0.27752,1.0156,1.225,0.37774,2.4051,-0.13833,1.1204,-0.72757,1.5881,0.75017
-1,-0.7892,0.32678,0.090331,-2.5323,-0.010561,-0.86128,0.60559,-1.7247,-0.77063,-2.2022
1,0.95587,-0.45382,-0.63272,0.29943,-0.021212,0.81726,0.346,-0.11565,0.57536,1.3162
-1,1.3065,-2.1283,-0.48448,0.063628,-1.178,-0.39269,-1.5557,-0.26506,0.67033,0.65365
1,-0.031783,0.37758,0.3574,0.48948,0.48558,1.0102,-0.36345,0.87419,0.83627,0.28576
-1,-0.89244,-1.3042,-0.38419,-1.0464,-0.5224,0.70373,-0.94767,-0.15792,-0.70086,-0.71843
1,0.53757,0.21017,0.23013,0.59208,1.001,0.33295,1.484,0.16116,-1.3967,0.42526
-1,0.73097,-0.68874,-0.96468,-0.12993,-1.878,2.1115,0.26928,-0.55577,-0.46435,-0.63092
1,-1.5843,0.4905,-0.27103,0.74931,0.86863,-0.014014,1.3028,0.057299,-0.088394,-0.3326
-1,-0.6683,-0.11732,0.12698,-1.1258,0.1602,-0.041305,-0.92656,0.32579,-1.0162,-0.5624
1,0.39578,0.16729,0.31633,1.0045,0.73145,-0.055063,1.1893,2.0534,0.88073,-0.89398
-1,-1.7324,-0.9213,1.4868,-2.8409,-0.22513,-2.0855,1.4285,1.0335,1.7075,0.12847
1,-0.95834,0.249,1.2328,-0.20262,0.79101,0.88194,1.2267,-0.8655,1.2203,1.055
-1,-0.063153,0.15847,-2.3327,0.30685,-0.6412,0.69971,0.12735,-0.77233,-0.35008,-1.6533
1,1.0723,0.44478,0.58649,1.0512,1.9252,0.59894,-0.28542,0.52601,-0.042448,0.25621
-1,-0.055999,1.3042,-1.4857,0.26259,-0.81922,0.27111,-0.54323,-0.93274,0.51755,0.34165
1,-0.62846,-1.31,1.7857,0.54813,0.37692,-0.072148,0.046212,1.9841,0.13897,1.2164
-1,0.93667,-1.2956,-2.4381,1.1051,0.64224,-0.12058,-0.53351,-0.48511,-0.24056,0.17753
1,-0.3662,0.46865,0.63139,0.34186,0.38714,0.98558,0.17178,0.12205,-0.079402,0.14063
-1,-2.5877,-1.0314,-0.85366,-2.5679,-0.46367,-2.2764,-0.4733,0.10332,-0.46989,0.21828
1,-0.28038,-0.45029,0.13049,0.2608,-0.27906,1.1631,0.71024,-0.13914,-0.075099,0.034266
-1,0.017834,-0.55068,0.014364,-0.94697,-0.22983,-1.6732,-0.75784,0.029199,1.1551,-0.65948
1,-0.034597,0.8515,0.83438,0.51218,-1.301,-0.0048886,1.0709,0.42057,1.7035,0.65388
-1,0.85196,4.3947,-1.214,-0.16611,0.36831,-2.0797,2.6795,-1.2829,-0.96459,-0.47309
1,1.0246,-0.75762,0.20398,0.36709,0.94261,0.063311,1.162,-0.021641,0.81337,-0.30687
-1,-1.513,1.9995,-1.0377,-2.3367,-0.84284,-3.8415,-0.19277,-1.0579,1.3675,-1.1407
1,-0.74641,-0.66612,1.0457,0.25102,0.34472,0.3735,-0.080686,0.86887,0.59505,1.417
-1,-0.0052764,-1.695,0.57365,-1.8138,-1.133,0.80634,-2.8923,1.4783,0.26532,0.46789
1,0.31941,0.98928,1.1089,1.5854,1.0636,0.54637,-0.13939,0.37873,1.09,0.5243
-1,-0.14027,1.3075,0.099947,0.54656,1.2931,-0.26237,-0.2805,-1.6364,1.2511,0.71648
1,0.35081,-0.25994,0.67399,0.50515,-0.88442,0.16484,-0.2914,0.81814,1.3143,0.23968
-1,0.10878,-1.4872,-0.66478,-0.244,-0.4798,-1.6673,0.097188,-0.23823,2.3078,0.15164
1,-2.1522,0.95131,0.81622,1.9416,-0.22106,0.30888,1.6162,-0.57027,0.50231,-0.93891
-1,-0.20877,2.0663,0.27042,1.8972,-0.11696,-1.6989,-0.63054,0.42223,-0.27535,1.1722
1,-0.099025,-0.028438,1.0455,0.32837,0.23112,0.0054504,-0.14178,1.1635,-0.049399,-0.0090271
-1,0.54958,0.31353,-0.26138,0.7913,-0.95401,0.25167,1.1778,-0.88646,-1.2766,-0.58601
1,0.10365,0.65675,1.2398,-0.058388,1.1887,0.46914,0.53226,1.7652,0.26992,-0.75133
-1,-0.60636,-0.19496,1.0136,-0.42528,-0.50004,-1.0273,-1.61,1.0612,0.35879,-0.45165
1,-0.99325,0.092277,1.2085,0.41438,-0.52422,-0.28743,0.5642,0.36686,-0.066688,-1.8515
-1,-0.22451,2.009,-1.5262,0.12968,0.60791,-0.45087,-1.2517,-0.53572,-1.3484,-0.49995
1,0.11748,-0.041179,-1.2927,0.029259,1.3647,-0.27494,0.53273,1.1187,0.02172,0.16419
-1,1.124,0.91184,-0.2261,0.29052,-0.0009879,-0.78444,-1.8107,-0.67878,-0.81029,-1.5921
1,-0.51596,0.48138,0.72857,0.31994,-2.0154,0.64298,1.4084,-0.15914,-0.0027716,0.77808
-1,-2.0348,0.77554,1.6306,-2.6186,-1.2528,-0.64287,-3.2838,-0.7056,-0.40079,0.24624
1,0.93755,0.22604,1.2743,0.19287,0.48374,0.77917,0.78869,-0.35465,-0.18789,-0.84857
-1,1.3561,0.25692,0.14988,0.96406,-0.15994,-2.0949,0.71383,0.27012,-0.30305,0.3731
1,1.4004,1.01,1.1717,1.3134,0.87796,1.1141,-0.66195,1.2594,0.25461,0.33796
-1,-0.0032187,1.4484,-0.46401,0.081131,-0.91032,-2.4142,0.42251,-1.2462,-0.31861,-0.21516
1,0.21864,-0.30029,0.068882,0.39809,2.3299,1.0853,-1.1663,0.69715,0.27409,-0.41041
-1,-0.29753,-0.052057,0.29911,0.15011,0.17768,-0.13237,0.90298,-0.82424,0.34441,0.89188
1,0.7712,1.0366,0.033575,0.7041,-0.97647,0.27842,-0.18421,-1.094,0.83589,0.50977
-1,-0.9513,0.6637,2.1975,-1.1951,-0.59511,-0.19737,1.0777,-0.84838,-1.273,-2.3642
1,-0.15936,0.5505,-0.55976,-0.78381,-2.1013,0.56902,0.72614,0.0096545,0.76988,-0.092075
-1,0.19882,-0.16234,-0.70585,0.31476,0.060958,2.1365,0.59383,0.53311,0.64049,0.87889
1,0.8546,1.1046,0.27506,0.52088,0.12049,0.4789,1.5994,-0.73677,1.7883,-0.93459
-1,-0.75676,-1.0764,-0.79489,-0.19689,-0.54788,1.5558,0.33593,-0.5985,-1.1208,0.025125
1,-0.57627,0.46496,1.1844,-0.28355,-0.3388,1.1745,0.047549,-0.12958,0.9078,1.4718
-1,0.51665,0.087299,0.0027726,0.51109,-0.27673,-1.3362,-1.813,0.12072,0.8147,1.1701
1,1.0091,-0.19029,1.7881,0.5436,-1.4618,0.87741,1.2163,-0.18053,0.29752,1.0772
-1,0.04974,-0.46675,0.18593,-0.86092,0.64937,1.2466,-0.4105,-1.7022,-0.73068,-2.4403
1,-0.29128,0.026803,0.85738,0.2968,1.6482,1.7596,0.67228,0.36201,0.46817,-1.196
-1,0.26284,0.45249,-1.7682,-1.025,1.391,-0.017039,0.0025611,-2.1079,-0.16074,-0.23195
1,0.26016,0.60671,-0.31777,0.79579,0.34483,0.41862,0.4365,1.4083,-0.17894,0.95494
-1,1.1704,-0.56119,0.4519,-0.95358,-0.6561,0.37627,-0.42531,-1.1424,-1.6274,-0.50044
1,-0.14958,0.96692,1.9023,0.22418,2.1773,-0.13912,0.0064067,1.9254,0.90828,0.61973
-1,-0.47784,-1.1789,0.34974,-1.5959,0.12567,1.1688,-2.9228,-1.8159,-1.2379,-0.61277
1,1.1249,-0.74529,1.4027,0.80168,0.45669,0.8948,0.3697,1.8406,0.45723,-0.039258
-1,-0.80068,0.25293,0.88041,0.20836,-0.98246,-1.3829,-1.6279,-1.1137,-0.61491,-0.47608
1,1.3909,-0.20683,-0.73238,1.2305,0.45414,0.003422,0.40864,1.7759,0.9251,1.8322
-1,-0.79538,-0.061443,-0.29558,1.7828,-0.61965,1.576,-1.596,-0.23101,-0.37021,-1.5089
1,-1.3366,-0.82021,-0.42628,0.52631,0.4506,0.5243,-0.1357,1.0469,-0.056383,-0.16848
-1,-0.9242,0.47242,-1.3409,-1.9364,-0.21203,0.047687,0.61614,-0.8024,0.0056239,-0.38814
1,1.2298,1.902,0.18434,0.89168,1.1723,0.31263,0.53328,1.0063,0.43119,-1.0055
-1,-1.3323,-1.4121,-0.011139,-0.19309,0.4322,-0.54722,1.6525,-1.1453,-2.8556,-1.1674
1,-0.39425,-1.2108,0.25158,0.79234,0.050199,0.43696,0.79758,0.93357,0.97957,-0.050846
-1,-1.8526,-1.2478,-0.3571,1.7019,0.51727,-1.8543,-0.171,0.32847,-1.9214,0.048896
1,-0.14914,-0.22873,-0.52944,0.071297,-0.057312,-0.36028,0.56163,-0.76644,-0.52676,0.23514
-1,-1.6839,-0.091093,0.67105,-1.3295,-1.7635,0.40506,0.4164,-0.47777,-0.60105,-0.72973
1,-0.26281,0.60702,1.1264,1.2826,0.19429,0.85904,0.42945,1.0277,0.77283,-0.28859
-1,-0.24176,-1.5003,-0.1361,-0.14213,-0.39555,1.4424,-0.89248,-1.3074,0.8179,0.44219
1,-0.7914,0.79964,0.56881,-0.75351,0.97553,1.0362,0.37608,1.8611,0.15258,-0.42773
-1,-1.0834,0.3564,1.8189,-1.9243,-0.074353,-2.215,0.0064046,-0.90683,0.0099037,-0.57626
1,1.3997,1.4567,0.35929,0.18675,0.74266,-0.55953,0.097656,0.83897,-0.080085,-0.47003
-1,0.33121,-0.69272,-0.099347,-1.6866,-0.073754,-0.32622,0.13785,-0.23055,-0.97934,-0.76678
1,-0.11463,0.20892,0.045843,0.5303,2.4987,-0.59488,0.30404,1.0035,0.99647,0.99443
-1,-0.20709,0.35121,0.19514,-0.095183,-0.46877,-0.80382,0.064843,0.18056,-1.4357,0.53221
1,0.0709,-0.81308,-0.88012,0.010878,-0.7402,0.33979,0.055818,1.1974,0.43354,-0.89245
-1,1.4466,-2.4899,-0.44432,-0.73217,0.56514,-1.2422,2.0611,0.27805,-1.0033,0.49163
1,0.87648,0.61681,0.34939,0.28419,1.3289,0.16408,0.73808,-0.94852,1.1508,3.1891
-1,0.7588,0.806,-1.7938,-1.7849,-0.94413,-1.1671,-2.6432,-0.00098751,0.75548,-0.70701
1,0.59336,0.77278,-0.81219,1.4599,0.52824,0.50172,-0.53885,1.3639,0.75981,-0.7235
-1,-1.2215,0.39297,-1.3055,-2.0586,-0.18671,-0.33017,-0.42622,-1.3795,-0.53086,-0.64495
1,-0.85278,0.47717,-0.11315,1.726,0.52365,1.1937,0.046586,0.037213,1.5775,1.3626
-1,-0.57599,0.95119,-2.3294,-0.44939,-0.00069898,-0.3908,-0.67701,-1.6155,-0.98837,0.84145
1,0.44061,0.072853,-0.11247,0.73552,1.8607,0.42001,1.2189,-0.67004,-0.21213,1.2755
-1,-0.20218,-0.66368,-0.61317,-1.547,-1.1913,0.094131,2.4219,-0.33206,2.9216,-0.3258
1,-1.8829,-0.33357,1.1423,0.51087,0.3421,0.24821,0.61774,1.0344,-0.35248,1.4191
-1,-1.3772,-1.1512,-0.26904,-1.4218,-1.7022,-2.2802,2.2652,-0.95711,0.15907,-2.7951
1,0.68913,-0.5067,-1.2117,0.26809,1.4894,0.84704,-0.63755,-1.0817,0.13016,-1.9981
-1,-0.90201,-1.5809,0.39755,0.13316,-0.65896,1.283,-1.243,-0.12006,-0.80198,0.68942
1,1.1317,1.4788,-0.0827,0.43448,-0.81003,-0.36306,0.98812,-1.46,-0.34463,0.3557
-1,-0.6628,2.7745,0.043288,-0.46953,-0.53927,-0.58036,0.21352,-1.3236,-0.78905,-0.85577
1,-0.97781,-0.59292,0.42972,0.69879,1.5921,-0.0081218,0.50504,0.98021,1.9786,0.27202
-1,-0.72911,-1.573,1.0118,-0.60662,-1.5813,1.1734,-1.5135,-0.1723,-0.84442,-0.33664
1,-0.82285,-0.65165,-0.1032,-0.3145,1.8377,0.14313,-0.25744,1.9242,-0.042096,1.9465
-1,-0.28108,-2.4748,-1.4999,-2.216,-0.26945,-0.066083,-2.1013,-1.4548,-0.51588,1.439
1,-1.9277,-0.93615,0.1011,0.38421,0.39727,-0.036121,-0.60969,-0.015884,-0.41988,-0.68114
-1,-1.4658,0.98313,-1.2198,-0.67719,-0.6401,-0.035765,0.41505,-0.92233,-1.2608,-1.3888
1,2.0321,0.035229,1.5871,0.33107,-0.27609,-0.30216,0.03632,0.72695,2.1407,2.3011
-1,-0.082735,-0.82266,-0.40762,0.70003,-1.9206,0.59151,-0.49305,-0.49947,1.4978,-0.17513
1,1.7015,0.17098,1.1745,0.16511,0.050362,-0.5573,0.6289,1.2084,0.94302,1.0543
-1,-0.12799,-0.71226,-0.11667,0.4971,-0.36336,-0.89,-0.45217,0.29525,-0.4155,-0.45805
1,-1.3387,-0.61807,0.4466,-0.1855,-1.1976,-0.40547,-0.43176,1.4361,0.55427,1.8005
-1,0.24682,-1.5719,-0.20946,-0.61346,0.23301,-0.5776,-1.8474,0.17693,-2.3652,0.32867
1,-0.84323,0.62488,1.3589,0.13095,0.59665,0.45188,0.63211,1.4898,0.35946,0.95265
-1,0.41584,-0.19514,-1.9966,0.56288,-0.027093,-2.0726,0.091482,0.17665,-1.645,-1.7398
1,0.30062,-0.27964,-0.26511,-0.36023,0.62982,0.67066,-0.035058,0.22839,1.3049,3.8836
-1,0.51811,-0.45047,-0.19815,-0.73195,-0.70795,-0.23636,0.76289,-1.4469,-1.1759,-1.2301
1,0.34782,0.8823,-0.44757,0.74349,-1.1911,0.47635,-0.74801,0.6613,0.15846,-0.34902
-1,-0.55257,-0.96339,-1.8132,-0.57859,-0.31091,-1.6551,-2.2413,-1.2609,-2.2323,-0.019332
1,0.23992,0.63093,0.81842,-0.0017112,0.91243,-0.083428,1.6633,-0.61427,0.80161,-0.82541
-1,-2.7731,0.12623,-2.1373,-0.59318,-0.26328,-0.77818,-2.0307,-0.89167,-0.51513,0.64649
1,-0.90448,0.19334,0.057965,1.1708,-0.58846,0.61235,-0.7863,0.60717,1.6163,0.30341
-1,0.42432,-0.94597,0.83847,-0.043609,-0.38589,-0.73565,1.7423,-0.25952,-0.48937,-0.32272
1,0.17945,-0.54451,0.26971,0.078337,1.0514,0.012352,-0.084618,-0.46193,0.25629,0.32174
-1,-0.77961,0.24935,0.12479,0.77064,0.053202,1.23,-1.7936,-0.72934,-0.9884,0.62612
1,0.76606,0.13753,1.1664,-0.0057057,1.6012,0.46706,0.10364,-0.1682,2.7393,0.52237
-1,-1.0432,0.67744,-1.4432,0.39333,-0.23314,-1.8944,-1.2402,0.083108,-1.4605,0.77722
1,1.9328,0.9945,0.64169,-0.40215,1.1153,0.64113,-0.02629,1.3606,0.47021,-0.70485
-1,-1.9202,0.23157,0.30871,-2.5985,-1.1992,0.61963,-1.1954,-0.8433,-0.41881,-0.25572
1,1.1374,0.72687,-0.22313,0.71773,1.0639,1.0129,0.61305,-0.1119,-1.5839,0.011287
-1,-0.16436,1.0839,-2.4504,-1.3008,-0.8192,-0.8563,-0.021008,-0.47276,0.12841,0.24012
1,-0.8879,0.5923,-0.92665,1.1472,-0.50233,0.31787,0.11601,-0.34213,1.4309,0.79286
-1,-0.65117,-0.086214,1.1567,-0.023701,0.42073,-0.15495,-1.1485,-1.3531,-1.3256,0.064372
1,0.53596,1.122,-0.20419,0.20368,-0.094238,0.4338,0.79774,1.4672,0.71149,0.28098
-1,1.3796,-0.4356,-1.0372,-0.035479,0.1076,-1.0237,-1.1239,-0.47409,-1.4389,-0.40706
1,1.5827,0.62055,-0.36614,0.24052,0.051893,0.22847,0.78266,0.212,0.87185,-0.0029026
-1,-0.70888,2.2633,-1.0878,0.084074,-0.11159,0.37437,0.053975,0.23861,-0.38939,0.017599
1,-0.90809,0.75387,0.5996,-0.092242,0.86415,-0.082142,1.0126,1.564,0.24925,-0.43972
-1,-0.07796,0.16817,-1.4904,1.0612,-1.7004,0.098261,-0.52052,0.22076,0.37452,1.1694
1,1.7891,-0.36538,0.15459,0.86142,-0.26252,0.40461,-0.58194,1.128,0.94772,-0.99049
-1,0.066838,-0.36905,-1.6201,-0.18998,-0.17208,-0.30629,0.51925,-0.50468,-0.061155,-0.77944
1,-0.10034,-0.26816,0.9041,0.6965,1.0717,0.93775,0.84847,3.0725,0.54268,-0.33879
-1,-1.0212,-1.0024,-1.6414,-1.2867,-0.86991,0.5643,-1.1295,-0.1813,0.33435,-1.0281
1,0.3808,-0.19344,-0.83719,1.2321,-0.31007,-0.59327,-0.19623,0.061018,1.4245,-0.5817
-1,0.23645,-0.45437,-1.3803,1.0044,-0.73283,-1.7493,-0.25745,-0.79958,0.31625,-1.2654
1,0.14161,-0.64387,1.948,0.94215,2.2446,0.86222,0.057073,0.61695,0.72979,1.1339
-1,-0.31058,1.6642,0.24587,0.081799,-0.067773,0.8895,-0.72273,-0.455,-1.9989,-0.91227
1,2.632,0.5879,1.738,0.52301,0.2873,0.27614,0.015352,-0.52054,0.39934,1.9485
-1,-1.1099,-0.0020981,0.068117,-2.7686,-0.55524,-1.1592,0.58559,-0.56849,-0.20724,-0.91367
1,0.99648,-0.39657,-0.87297,0.6859,1.0014,-0.22064,0.73723,-0.63087,0.40756,0.90036
-1,0.13019,-0.79776,-2.1523,1.8645,-0.96653,-1.0713,-0.92789,-1.8472,-1.6633,-0.81245
1,0.60391,0.98309,-0.85552,0.31087,-1.1177,0.7235,0.53015,2.5656,1.3159,1.9328
-1,0.38652,-2.4241,-0.6166,-0.68268,0.48484,0.4995,-0.23567,-0.0073295,-1.8666,-0.99809
1,0.71519,0.081959,0.92815,1.1055,0.10205,0.60315,0.21033,1.4497,0.41217,-0.57045
-1,-0.83613,-2.496,-0.89291,-0.81377,-0.69005,-0.26066,-0.63928,-1.895,-0.47521,-1.3955
1,0.95028,0.72956,0.014088,0.83879,1.8971,-0.1288,0.9281,0.74304,0.91777,0.45937
-1,0.36667,-1.6734,1.0473,0.55368,0.18504,-1.7285,-0.94951,-0.34803,-2.1293,0.13659
1,0.52207,-0.18434,-0.5821,-0.55335,-0.70006,0.19833,0.74114,-0.073422,-0.81098,0.69642
-1,-2.0695,0.43874,-0.61964,0.63278,1.0745,-0.22415,-1.3186,0.80934,-0.87009,1.3391
1,1.5025,-0.40417,-0.55787,0.24691,1.3363,-0.43404,0.43184,-1.3416,0.47682,-0.6714
-1,-1.3519,-0.3578,1.4456,1.6172,-0.90254,-0.05766,-1.8112,1.0595,-1.4006,1.5342
1,-0.092024,1.3088,-0.87734,0.11397,0.35218,1.2207,0.39481,0.86647,0.94534,0.26074
-1,-1.2303,-0.72569,0.43748,-0.21808,-0.27729,0.47291,-0.38648,-0.77984,-1.4206,0.52516
1,0.49852,-0.15603,0.88009,0.61869,1.8792,0.63146,0.27917,-0.077238,0.58056,0.10314
-1,0.2623,-1.2138,0.91811,-2.0442,0.36955,-0.45836,0.68094,-1.0217,-0.045532,-0.38238
1,0.53028,1.1638,1.7356,0.50231,-1.1536,0.19681,-0.28071,1.5951,1.5295,0.6389
-1,-0.47436,0.70196,-0.42115,0.095415,-1.4794,-0.8518,-0.17634,-0.79473,-0.8421,-0.4121
1,-1.6442,0.47085,1.1082,-0.70796,0.42139,0.73684,0.20118,-0.94138,1.2979,0.45089
-1,0.71356,0.62291,0.51835,-1.8161,0.24097,-0.26821,0.12066,-0.91598,-0.75413,-2.2525
1,3.2649,-1.1975,-0.26348,-0.27802,0.33387,0.014796,0.72657,-0.19171,-0.25324,0.010273
-1,-1.1294,-0.71533,-0.17487,-0.33823,0.45066,0.13367,1.6122,-1.1709,-0.24958,-1.1592
1,0.44385,0.71411,0.99845,0.21579,-1.1345,0.41592,0.57098,0.63476,0.81925,-0.84486
-1,-0.28683,0.445,-0.95562,-0.4159,-1.1013,2.3178,-0.78255,-1.2568,0.26215,-1.9254
1,1.7738,1.2751,0.84786,0.48366,-0.23976,0.25901,0.32981,0.045247,0.32849,-0.52851
-1,-0.35696,-0.76247,-0.91014,-0.53861,-0.34631,-0.2443,-0.89424,-0.98854,-0.46101,1.0131
1,0.41226,0.61789,-0.18272,0.44476,0.29661,1.0055,0.73732,1.0695,0.73736,0.080873
-1,-0.48596,-0.33303,0.25271,-1.4491,0.048975,0.9305,-0.10555,-0.53853,-1.1107,0.71798
1,1.0487,-0.091885,0.40994,0.93374,1.0656,0.38978,0.44827,0.22572,0.10842,1.3151
-1,-0.6043,1.2526,-0.7939,0.28868,-1.0664,-0.5146,-2.4778,0.17224,-0.19025,0.49514
1,1.0224,-1.2452,0.89452,0.56945,-1.3419,0.62415,0.34828,0.39215,0.34258,-1.0248
-1,-1.498,-0.16932,0.95966,-1.0989,-0.25612,-2.7043,-0.1617,0.42714,-0.70305,-0.95882
1,2.3157,0.009371,-0.66503,0.52932,0.44712,0.0041033,0.62332,0.43133,0.607,0.38253
-1,-0.43372,0.091419,-1.9381,-0.69068,-0.83114,-0.99517,-0.49208,-0.86036,-0.11984,-0.88001
1,0.3236,-0.69782,-0.91319,0.54147,1.0751,-0.15799,0.90303,1.208,0.47685,0.54916
-1,-0.16619,0.49864,-0.37812,0.91926,-0.94831,3.0105,-0.25193,-1.1943,-0.98168,0.76446
